"title","date"
,
"2016-04-21 DoD CIO Memo - Use of Wearable Devices DoD Accredited Spaces with FAQ ","2018-11-30"
"A10 Networks ADC ALG - Ver 2, Rel 1 ","2021-04-27"
"A10 Networks Application Delivery Controller (ADC) NDM STIG Ver 1 ","2018-11-30"
"A10 Networks Application Delivery Controller (ADC) Overview, Ver 1 ","2018-11-30"
"A10 Networks Application Delivery Controller (ADC) STIG Ver 1 Release Memo ","2018-11-30"
"AAA SRG - Ver 1, Rel 2 ","2020-01-16"
"Active Directory Domain STIG - Ver 3, Rel 3 ","2023-05-05"
"Active Directory Forest STIG - Ver 2, Rel 8 ","2018-11-30"
"Adobe Acrobat Pro DC STIGs - Release Memo ","2018-11-30"
"Adobe Acrobat Professional DC Continuous Track STIG - Ver 2, Rel 1 ","2021-07-26"
"Adobe Acrobat Reader DC Continuous Track STIG - Ver 2, Rel 1 ","2021-07-26"
"Adobe Acrobat Reader DC Continuous Track STIG Benchmark - Ver 2, Rel 2 ","2022-10-21"
"Adobe Acrobat Reader DC STIG Release Memo ","2018-11-30"
"Akamai KSD Service IL2 ALG STIG Version 1??? ","2017-10-23"
"Akamai KSD Service IL2 NDM STIG Version 1???? ","2017-10-23"
"Akamai KSD Service IL2 STIG Overview?? ","2017-10-23"
"Akamai KSD Service IL2 STIG Ver 1 Release Memo???? ","2017-10-09"
"Apache 2.2 STIG UNIX - Ver 1, Rel 11 ","2019-05-13"
"Apache 2.2 STIG Windows - Ver 1, Rel 13? ","2019-05-13"
"Apache Server 2.4 Unix STIG ","2023-07-20"
"Apache Server 2.4 Windows STIG ","2023-01-13"
"Apache Tomcat Application Server 9 STIG - Ver 2, Rel 6 ","2023-10-23"
"Apple iOS/iPadOS 15 STIG - Ver 1, Rel 3 ","2022-07-27"
"Apple iOS/iPadOS 16 BYOAD STIG - Ver 1, Rel 1 ","2023-09-08"
"Apple iOS/iPadOS 16 STIG - Ver 1, Rel 2 ","2023-04-24"
"Apple iOS/iPadOS 17 STIG - Ver 1, Rel 1 ","2023-10-16"
"Apple macOS 12 (Monterey) STIG - Ver 1, Rel 8 ","2023-10-23"
"Apple macOS 13 (Ventura) STIG - Ver 1, Rel 3 ","2023-10-23"
"Application Layer Gateway (ALG) SRG - Ver 1, Rel 2 ","2018-12-01"
"Application Layer Gateway (ALG) SRG Release Memo - Ver 1 ","2018-11-30"
"Application Security and Development STIG - Ver 5, Rel 3 ","2023-07-20"
"Application Server SRG - Ver 3, Rel 4 ","2023-07-20"
"Arista MLS DCS-7000 Series STIG ","2020-07-28"
"Arista MLS EOS 4.2x STIG ","2023-02-14"
"AvePoint Compliance Guardian STIG - Ver 1, Rel 1 ","2023-03-07"
"AvePoint DocAve 6 - Ver 1, Rel 1 ","2022-08-02"
"AvePoint DocAve 6 STIG - Ver 1, Rel 2 ","2022-08-24"
"Backbone Transport Services (BTS) Policy STIG Ver 3 Release Memo ","2018-11-30"
"BIND 9.x STIG - Ver 2, Rel 2 ","2021-07-26"
"BlackBerry CylancePROTECT Mobile for UEM STIG - Ver 1, Rel 1 ","2023-06-29"
"BlackBerry Enterprise Mobility Server (BEMS) 2.x STIG - Ver 1, Rel 3 ","2020-07-28"
"BlackBerry Enterprise Mobility Server (BEMS) 3.x STIG - Ver 1, Rel 2 ","2023-07-20"
"Blackberry UEM STIG - Ver 2, Rel 1 ","2021-01-22"
"CA API Gateway ALG STIG - Ver 1, Rel 2 ","2018-12-01"
"CA API Gateway NDM STIG Ver 1 ","2018-12-01"
"CA API Gateway STIG Ver 1 Overview ","2018-12-01"
"CA API Gateway STIG, Ver 1 Release Memo ","2019-02-16"
"CA IDMS STIG - Ver 1, Rel 2 ","2022-10-21"
"Canonical Ubuntu 18.04 LTS STIG - Ver 2, Rel 12 ","2023-10-23"
"Canonical Ubuntu 18.04 LTS STIG Benchmark - Ver 2, Rel 10 ","2023-10-23"
"Canonical Ubuntu 18.04 LTS STIG for Ansible - Ver 2, Rel 12 ","2023-10-23"
"Canonical Ubuntu 20.04 LTS STIG - Ver 1, Rel 10 ","2023-10-23"
"Canonical Ubuntu 20.04 LTS STIG Benchmark - Ver 1, Rel 8 ","2023-10-23"
"Canonical Ubuntu 20.04 LTS STIG for Ansible - Ver 1, Rel 10 ","2023-10-23"
"CCI List ","2023-08-01"
"CCI List Readme ","2022-03-30"
"CCI Process ","2011-02-28"
"CCI Specification ","2014-05-01"
"Central Log Server SRG - Ver 2, Rel 2 ","2022-10-21"
"Cisco ASA STIG ","2023-10-23"
"Cisco IOS Router STIG ","2023-10-23"
"Cisco IOS Switch STIG ","2023-10-23"
"Cisco IOS XE Router NDM RTR STIG for Ansible - Ver 2, Rel 3 ","2021-10-22"
"Cisco IOS XE Router STIG ","2023-10-23"
"Cisco IOS XE Switch STIG ","2023-10-23"
"Cisco IOS XR Router STIG ","2023-10-23"
"Cisco IOS-XE Router NDM STIG Benchmark - Ver 1, Rel 7 ","2023-04-24"
"Cisco IOS-XE Router RTR STIG Benchmark - Ver 1, Rel 3 ","2023-04-24"
"Cisco ISE STIG ","2023-05-17"
"Cisco NX OS Switch STIG ","2023-10-23"
"Citrix Virtual Apps and Desktops (VAD) 7.x STIG ","2022-01-24"
"Citrix XenDesktop 7.x STIG ","2020-04-23"
"Cloud Computing Draft SRG - V1R0.1 ","2023-09-08"
"Cloud Computing Draft SRG Comment Matrix ","2023-09-08"
"Cloud Computing SRG - Ver 1, Rel 4 ","2022-01-20"
"Cloud Service Providers in FedRAMP Process ","2023-08-04"
"Compilation - SRG-STIG Library ","2023-11-07"
"Compilation - SRG-STIG Library - READ ME ","2019-06-19"
"Container Platform SRG - Ver 1, Rel 4 ","2023-07-20"
"Crunchy Data PostgreSQL STIG - Ver 2, Rel 1 ","2022-07-27"
"Database Security Requirements Guide (SRG) - Ver 2 Release Memo ","2018-11-30"
"Database SRG - Ver 3, Rel 3 ","2022-07-27"
"DBN-6300 IDPS STIG Ver 1???? ","2018-12-01"
"DBN-6300 NDM STIG Ver 1????? ","2018-12-01"
"DBN-6300 Overview - Ver 1, Rel 2 ","2018-12-01"
"DBN-6300 STIG Ver 1? Release Memo????? ","2018-11-30"
"Docker Enterprise 2.x Linux/Unix - Ver 2, Rel 1 ","2021-04-27"
"Docker Enterprise 2.x Linux/Unix STIG for Ansible - Ver 1, Rel 1 ","2020-06-22"
"DoD Annex for Application Software Extended Package for Web Browsers - Ver 1, Rel 1 ","2019-03-10"
"DoD Annex for MDM Protection Profile V4.0 - Ver 1, Rel 3 ","2021-01-29"
"DoD Annex for Mobile Device Fundamentals Protection Profile V3.2 - Ver 1, Rel 3 ","2022-02-15"
"DoD Annex for PP - Module for MDM Agents V1.0 - Ver 1, Rel 3 ","2021-01-29"
"DoD Enterprise DevSecOps Reference Design: CNCF Kubernetes ","2021-06-23"
"Domain Name System (DNS) SRG - Ver 3, Rel 1 ","2023-07-20"
"EDB Postgres Advanced Server STIG - Ver 2, Rel 2 ","2022-07-27"
"EDB Postgres Advanced Server v11 for Windows STIG - Ver 2, Rel 2 ","2022-07-27"
"Enclave Test and Development STIG Release Memo ","2018-11-30"
"F5 BIG-IP 11.x STIG ","2020-10-26"
"Firewall SRG - Ver 2, Rel 3 ","2022-10-21"
"ForeScout CounterACT ALG STIG - Ver 1, Rel 2 ","2018-12-01"
"ForeScout CounterACT NDM STIG Ver 1?? ","2018-12-01"
"ForeScout CounterACT STIG Ver 1 Release Memo?? ","2018-11-30"
"ForeScout CounterACT Ver 1 Overview?? ","2018-12-01"
"Forescout STIG ","2023-07-20"
"Fortinet FortiGate Firewall STIG ","2023-07-20"
"General Purpose Operating System SRG - Ver 2, Rel 6 ","2023-07-20"
"Google Android 12 STIG - Ver 1, Rel 1 ","2021-10-26"
"Google Android 13 BYOAD STIG ","2023-10-11"
"Google Android 13 STIG - Ver 1, Rel 1 ","2022-11-01"
"Google Android 14 STIG ","2023-10-12"
"Google Chrome STIG - Ver 2, Rel 8 ","2023-01-13"
"Google Chrome STIG Benchmark - Ver 2, Rel 8 ","2023-01-13"
"Google Search Appliance STIG Ver 1 - Release Memo ","2018-11-30"
"Group Policy Objects (GPOs) - October 2023 ","2023-11-02"
"HBSS Agent Handler STIG Memo ","2018-11-30"
"Honeywell Android 9.x STIG ","2021-01-28"
"How to Create and SRG-STIG ID Mapping Spreadsheet ","2021-02-03"
"HP FlexFabric Switch STIG ","2020-07-28"
"HPE 3PAR StoreServ 3.2.x STIG - Ver 2, Rel 1 ","2022-01-25"
"HPE 3PAR StoreServ OS STIG ","2023-07-20"
"HPE Nimble Storage Array STIG - Ver 1, Rel 1 ","2022-04-04"
"HYCU for Nutanix STIG - Ver 1 Rel 1 ","2021-09-10"
"IBM AIX 7.x STIG - Ver 2, Rel 9 ","2023-10-23"
"IBM Aspera Platform 4-2 STIG - Ver 1, Rel 2 ","2022-08-24"
"IBM Aspera Platform 4.2 STIG - Ver 1, Rel 1 ","2022-03-25"
"IBM DataPower NDM STIG - Ver 1, Rel 2? ","2018-12-01"
"IBM DataPower STIG ALG STIG Ver 1 ","2018-12-01"
"IBM DataPower STIG Overview, Ver 1 ","2018-12-01"
"IBM DataPower STIG Ver 1 Release Memo ","2018-11-30"
"IBM DB2 V10.5 STIG - Ver 2, Rel 1 ","2023-07-20"
"IBM Hardware Management Console (HMC) STIG ","2023-04-24"
"IBM MaaS360 with Watson v10-x MDM STIG - Ver1, Rel 2 ","2019-08-15"
"IBM MaaS360 with Watson v10-x MDM STIG Ver 1 Release memo ","2019-03-12"
"IBM MQ Appliance v9-0 AS STIG V1 ","2018-12-01"
"IBM MQ Appliance v9-0 NDM STIG V1 ","2019-03-09"
"IBM MQ Appliance v9-0 STIG Overview ","2018-12-01"
"IBM MQ Appliance v9-0 STIG V1 Release Memo ","2018-11-30"
"IBM WebSphere Liberty Server STIG - Ver 1, Rel 2 ","2022-10-21"
"IBM WebSphere Traditional V9.x STIG Version 1 ","2019-06-26"
"IBM WebSphere Traditional V9.x STIG Version 1 Release Memo ","2019-06-26"
"IBM zOS STIG ","2023-10-23"
"IBM zVM Using CA VMSecure STIG - Ver 2, Rel 2 ","2022-10-21"
"Infoblox 7.x DNS STIG - Ver 2, Rel 1 ","2021-01-22"
"Infoblox 8.x DNS STIG - Ver 1, Rel 1 ","2021-02-01"
"Interim Guidance for the Use of Canonical Names (CNAME) in Cloud Computing ","2018-11-30"
"Intrusion Detection and Prevention System SRG - Ver 2, Rel 6 ","2020-07-28"
"ISEC7 EMM Suite v6.x STIG - Ver 1, Rel 1 ","2019-09-24"
"ISEC7 Sphere STIG - Ver 2, Rel 1 ","2020-10-26"
"Ivanti MobileIron Core MDM Server STIG - Ver 1, Rel 1 ","2021-12-06"
"Ivanti MobileIron Sentry 9.x STIG - Ver 1 Rel 1 ","2021-10-26"
"Jamf Pro v10.x EMM STIG - Ver 2, Rel 1 ","2023-07-20"
"Juniper EX Series Switches STIG ","2023-07-20"
"Juniper Router STIG ","2023-05-17"
"Juniper SRX Services Gateway STIG ","2022-10-21"
"Juniper SRX SG STIG for Ansible - Ver 1, Rel 1 ","2020-11-19"
"Kubernetes STIG - Ver 1, Rel 11 ","2023-10-23"
"Kubernetes STIG Benchmark - Ver 1, Rel 3 ","2023-10-23"
"Layer 2 Switch SRG - Ver 2, Rel 1 ","2021-05-21"
"Mainframe Product SRG - Ver 2, Rel 1 ","2022-10-21"
"MariaDB Enterprise 10.x STIG - Ver 1, Rel 2 ","2022-08-24"
"MarkLogic Server v9 STIG - Ver 2, Rel 1 ","2022-10-21"
"McAfee Antivirus 8.8 Release Memo ","2018-11-30"
"McAfee Application Control 7.x STIG - Ver 1, Rel 3 ","2018-12-01"
"McAfee Application Control 8.x STIG - Ver 2, Rel 1 ","2020-10-26"
"McAfee Virus Scan Enterprise for Linux 1.9x/2.0x Managed Client STIG - Ver 1, Rel 3? ","2018-12-01"
"Microsoft .NET Framework 4 STIG Benchmark - Ver 2, Rel 2 ","2023-01-13"
"Microsoft .Net Framework 4.0 STIG - Ver 2, Rel 2 ","2022-10-21"
"Microsoft .Net Framework Security Checklist - Ver 1, Rel 3 ","2016-04-22"
"Microsoft Access 2010 STIG - Ver 1, Rel 10 ","2018-12-01"
"Microsoft Access 2013 STIG - Ver 1, Rel 6 ","2018-12-01"
"Microsoft Access 2016 STIG - Ver 1, Rel 1 ","2018-12-01"
"Microsoft Android 11 STIG ","2022-11-16"
"Microsoft Azure SQL Database STIG - Ver 1, Rel 2 ","2023-07-20"
"Microsoft Defender Antivirus STIG - Ver 2, Rel 4 ","2022-05-25"
"Microsoft Defender Antivirus STIG Benchmark - Ver 2, Rel 4 ","2023-05-05"
"Microsoft Edge STIG - Ver 1, Rel 7 ","2023-07-20"
"Microsoft Edge STIG Benchmark - Ver 1, Rel 3 ","2023-10-23"
"Microsoft Excel 2010 STIG - Ver 1, Rel 11 ","2018-12-01"
"Microsoft Excel 2013 STIG - Ver 1, Rel 7 ","2018-12-01"
"Microsoft Excel 2016 STIG - Ver 1, Rel 2? ","2018-12-01"
"Microsoft Exchange 2010 Client Access STIG - Ver 1, Rel 9 ","2018-12-01"
"Microsoft Exchange 2010 Edge STIG - Ver 1, Rel 14 ","2019-03-09"
"Microsoft Exchange 2010 Edge Transport Server STIG - Ver 1, Rel 15 ","2019-04-26"
"Microsoft Exchange 2010 Hub STIG - Ver 1, Rel 12 ","2018-12-01"
"Microsoft Exchange 2010 Mailbox STIG - Ver 1, Rel 10 ","2018-12-01"
"Microsoft Exchange 2010 Overview - Ver 1, Rel 6 ","2018-12-01"
"Microsoft Exchange 2010 STIG Release Memo ","2019-02-16"
"Microsoft Exchange 2013 STIG ","2022-01-11"
"Microsoft Exchange 2016 STIG ","2023-10-23"
"Microsoft Groove 2013 STIG - Ver 1, Rel 3 ","2018-12-01"
"Microsoft IIS 10.0 STIG ","2023-10-23"
"Microsoft InfoPath 2010 STIG - Ver 1, Rel 11 ","2018-12-01"
"Microsoft InfoPath 2013 STIG - Ver 1, Rel 5 ","2018-12-01"
"Microsoft Internet Explorer 11 STIG - Ver 2, Rel 4 ","2023-04-24"
"Microsoft Internet Explorer 11 STIG Benchmark - Ver 2, Rel 5 ","2023-04-24"
"Microsoft Lync 2013 STIG - Ver 1, Rel 4 ","2018-12-01"
"Microsoft Office 2010 Overview - Ver 1, Rel 12 ","2018-12-01"
"Microsoft Office 2013 Overview - Ver 1, Rel 5 ","2018-12-01"
"Microsoft Office 365 ProPlus STIG - Ver 2, Rel 11 ","2023-10-23"
"Microsoft Office System 2010 STIG - Ver 1, Rel 12 ","2018-12-01"
"Microsoft Office System 2013 STIG - Ver 2, Rel 1 ","2020-10-26"
"Microsoft Office System 2016 STIG - Ver 2, Rel 2 ","2022-01-24"
"Microsoft OneDrive for Business 2016 STIG - Ver 1, Rel 3 ","2020-04-23"
"Microsoft OneDrive STIG - Ver 2, Rel 3 ","2023-07-20"
"Microsoft OneNote 2010 STIG - Ver 1, Rel 9 ","2018-12-01"
"Microsoft OneNote 2013 STIG - Ver 1, Rel 3 ","2018-12-01"
"Microsoft OneNote 2016 STIG - Ver 1, Rel 2 ","2018-12-01"
"Microsoft Outlook 2010 STIG - Ver 1, Rel 13 ","2018-12-01"
"Microsoft Outlook 2013 STIG - Ver 1, Rel 13 ","2019-03-09"
"Microsoft Outlook 2016 STIG - Ver 2, Rel 3 ","2022-04-19"
"Microsoft PowerPoint 2010 STIG - Ver 1, Rel 10 ","2018-12-01"
"Microsoft PowerPoint 2013 STIG - Ver 1, Rel 6 ","2018-12-01"
"Microsoft PowerPoint 2016 STIG - Ver 1, Rel 1 ","2018-12-01"
"Microsoft Project 2010 STIG - Ver 1, Rel 9 ","2018-12-01"
"Microsoft Project 2013 STIG - Ver 1, Rel 4 ","2018-12-01"
"Microsoft Project 2016 STIG - Ver 1, Rel 1 ","2018-12-01"
"Microsoft Publisher 2010 STIG - Ver 1, Rel 11 ","2018-12-01"
"Microsoft Publisher 2013 STIG - Ver 1, Rel 5 ","2018-12-01"
"Microsoft Publisher 2016 STIG - Ver 1, Rel 3 ","2018-12-01"
"Microsoft SCOM STIG - Ver 1, Rel 1 ","2021-05-21"
"Microsoft SharePoint 2013 STIG - Ver 2, Rel 3 ","2022-04-19"
"Microsoft Sharepoint Designer 2013 STIG - Ver 1, Rel 3 ","2018-12-01"
"Microsoft Skype for Business 2016 STIG - Ver 1, Rel 1 ","2018-12-01"
"Microsoft Visio 2013 STIG - Ver 1, Rel 4 ","2018-12-01"
"Microsoft Visio 2016 STIG - Ver 1, Rel 1 ","2018-12-01"
"Microsoft Windows 10 STIG - Ver 2, Rel 8 ","2023-11-02"
"Microsoft Windows 10 STIG Benchmark - Ver 2, Rel 9 ","2023-10-30"
"Microsoft Windows 11 STIG - Ver 1, Rel 5 ","2023-10-30"
"Microsoft Windows 11 STIG Benchmark - Ver 1, Rel 3 ","2023-10-30"
"Microsoft Windows 11 STIG for Chef - Ver 1, Rel 3 ","2023-08-17"
"Microsoft Windows 2012 Server Domain Name System STIG - Ver 2, Rel 5 ","2022-05-25"
"Microsoft Windows Defender Firewall with Advanced Security STIG - Ver 2, Rel 2 ","2023-10-30"
"Microsoft Windows Defender Firewall with Advanced Security STIG Benchmark - Ver 2, Rel 3 ","2023-10-30"
"Microsoft Windows Lifecycle Support ","2019-03-09"
"Microsoft Windows Lifecycle Support Information?? ","2019-03-09"
"Microsoft Windows Operating Systems Overview - Ver 1, Rel 5 ","2018-12-01"
"Microsoft Windows Privileged Access Workstation (PAW) STIG - Ver 2, Rel 3 ","2023-10-30"
"Microsoft Windows Server 2016 STIG - Ver 2, Rel 7 ","2023-10-30"
"Microsoft Windows Server 2016 STIG Benchmark - Ver 2, Rel 5 ","2023-10-30"
"Microsoft Windows Server 2016 STIG for Chef - Ver 1, Rel 3 ","2020-06-22"
"Microsoft Windows Server 2016 STIG for PowerShell DSC - Ver 1, Rel 3 ","2020-06-22"
"Microsoft Windows Server 2019 STIG - Ver 2, Rel 8 ","2023-10-30"
"Microsoft Windows Server 2019 STIG Benchmark - Ver 2, Rel 5 ","2023-10-30"
"Microsoft Windows Server 2019 STIG for Chef - Ver 1, Rel 2 ","2020-06-22"
"Microsoft Windows Server 2022 DNS Draft STIG - Ver 1, Rel 0.1 ","2023-08-02"
"Microsoft Windows Server 2022 DNS Draft STIG Comment Matrix ","2023-08-29"
"Microsoft Windows Server 2022 STIG - Ver 1, Rel 4 ","2023-10-30"
"Microsoft Windows Server 2022 STIG Benchmark - Ver 1, Rel 3 ","2023-10-30"
"Microsoft Windows Server 2022 STIG for Chef - Ver 1, Rel 1 ","2023-02-03"
"Microsoft Word 2010 STIG - Ver 1, Rel 11 ","2018-12-01"
"Microsoft Word 2013 STIG - Ver 1, Rel 6 ","2018-12-01"
"Microsoft Word 2016 STIG - Ver 1, Rel 1 ","2018-12-01"
"Mobile Iron Core v9.x Release Memo ","2019-03-11"
"MobileIron Core v10.x MDM STIG Ver 1 Rel 1 ","2019-06-06"
"MongoDB Enterprise Advanced 3.x STIG - Ver 2, Rel 1 ","2022-04-19"
"MongoDB Enterprise Advanced 4.x STIG - Ver 1, Rel 2 ","2022-10-21"
"Motorola Android 9.x STIG ","2020-11-10"
"Motorola Solutions Android 11 - Ver 1, Rel 2 ","2022-09-07"
"Mozilla Firefox Linux STIG Benchmark - Ver 6, Rel 4 ","2023-10-23"
"Mozilla Firefox STIG - Ver 6, Rel 5 ","2023-07-20"
"Mozilla Firefox Windows STIG Benchmark - Ver 6, Rel 5 ","2023-10-23"
"MS SQL Server 2014 STIG ","2022-10-21"
"MS SQL Server 2016 STIG ","2023-10-23"
"Multifunction Device and Network Printers STIG - Ver 2, Rel 14 ","2019-10-31"
"NetApp ONTAP DSC 9.x STIG - Ver 1, Rel 3 ","2023-01-13"
"Network Device Management SRG - Ver 4, Rel 3 ","2023-05-17"
"Network Infrastructure Policy STIG - Ver 10, Rel 6 ","2023-05-17"
"Network Management Security Guidance At-a-Glance? ","2019-03-09"
"Network WLAN STIG ","2023-10-23"
"NIAP Approved Protection Profiles ","2022-02-15"
"Nutanix AOS 5.20.x STIG - Ver 1, Rel 1 ","2023-03-01"
"Oracle 19c, Oracle 18c, and Oracle 12cR2","2020-02-20"
"Oracle Database 11.2g STIG - Ver 2, Rel 3 ","2022-01-24"
"Oracle Database 12c STIG - Ver 2, Rel 8 ","2023-07-20"
"Oracle HTTP Server 12.1.3 STIG - Ver 2, Rel 2 ","2023-01-13"
"Oracle Linux 7 STIG - Ver 2, Rel 13 ","2023-10-23"
"Oracle Linux 7 STIG Benchmark - Ver 2, Rel 13 ","2023-10-23"
"Oracle Linux 8 STIG - Ver 1, Rel 8 ","2023-11-02"
"Oracle Linux 8 STIG Benchmark - Ver 1, Rel 7 ","2023-10-23"
"Oracle Linux 8 STIG for Ansible - Ver 1, Rel 8 ","2023-10-23"
"Oracle MySQL 8.0 STIG - Ver 1, Rel 4 ","2023-07-20"
"Oracle WebLogic Server 12c - Ver 2, Rel 1 ","2021-04-27"
"Oracle WebLogic Server 12c Release Memo - Ver 1 ","2018-11-30"
"Palo Alto Networks Prisma Cloud Compute STIG - Ver 1, Rel 3 ","2023-07-20"
"Palo Alto Networks STIG ","2022-10-21"
"Palo Alto Networks STIG for Ansible - Ver 1, Rel 4 ","2022-01-04"
"PostgreSQL 9.x STIG - Ver 2, Rel 3 ","2022-07-27"
"Q3 Release Summary ","2023-07-21"
"Rancher Government Solutions Multi-Cluster Manager STIG - Ver 1, Rel 3 ","2023-07-20"
"Rancher Government Solutions RKE2 STIG - Ver 1, Rel 3 ","2023-07-20"
"Red Hat Ansible Automation Controller STIG ","2023-10-23"
"Red Hat Enterprise Linux 7 STIG - Ver 3, Rel 13 ","2023-10-23"
"Red Hat Enterprise Linux 7 STIG Benchmark - Ver 3, Rel 13 ","2023-10-23"
"Red Hat Enterprise Linux 7 STIG for Ansible - Ver 3, Rel 13 ","2023-10-23"
"Red Hat Enterprise Linux 7 STIG for Chef - Ver 3, Rel 8 ","2022-07-27"
"Red Hat Enterprise Linux 8 STIG - Ver 1, Rel 12 ","2023-11-02"
"Red Hat Enterprise Linux 8 STIG Benchmark - Ver 1, Rel 11 ","2023-10-23"
"Red Hat Enterprise Linux 8 STIG for Ansible - Ver 1, Rel 12 ","2023-10-23"
"Red Hat Enterprise Linux 8 STIG for Chef - Ver 1, Rel 12 ","2023-10-23"
"Red Hat Enterprise Linux 9 STIG - Ver 1, Rel 1 ","2023-10-11"
"Red Hat JBoss Enterprise Application Platform (EAP) 6.3 STIG - Ver 2, Rel 3 ","2022-01-24"
"Red Hat OpenShift Container Platform 4.12 STIG - Ver 1, Rel 1 ","2023-09-08"
"Redis Enterprise 6.x STIG - Ver 1, Rel 2 ","2022-10-21"
"Releasable (REL) Local Area Network (LAN) STIG Ver 2 Release Memo ","2019-03-11"
"Riverbed NetProfiler STIG - Ver 1, Rel 1 ","2023-02-14"
"Riverbed SteelHead CX v8 STIG ","2019-10-31"
"Router SRG - Ver 4, Rel 2 ","2021-04-27"
"Samsung Android 11 Knox 3.x ","2020-12-22"
"Samsung Android 12 with Knox 3.x STIG ","2022-07-27"
"Samsung Android 13 with Knox 3.x STIG ","2023-01-30"
"Samsung SDS EMM STIG - Ver 1, Rel 3 ","2022-07-27"
"SCC 5.8 Checksums File ","2023-09-18"
"SCC 5.8 Mac OS X x86 64 ","2023-09-18"
"SCC 5.8 Raspbian 11 ARMv7 ","2023-09-18"
"SCC 5.8 Readme ","2023-09-18"
"SCC 5.8 Release Notes ","2023-09-18"
"SCC 5.8 RHEL 6 i686 ","2023-09-18"
"SCC 5.8 RHEL 6 x86 64 ","2023-09-18"
"SCC 5.8 RHEL 7/Oracle Linux 7/SLES12/SLES 15 x86 64 ","2023-09-18"
"SCC 5.8 RHEL 8/Oracle Linux 8 Aarch64 ","2023-09-18"
"SCC 5.8 RHEL 8/Oracle Linux 8 x86 64 ","2023-09-27"
"SCC 5.8 RHEL 9x86 64 ","2023-09-18"
"SCC 5.8 RPM GPG key ","2023-09-18"
"SCC 5.8 Solaris 10 i386 ","2023-09-18"
"SCC 5.8 Solaris 10 SPARC ","2023-09-18"
"SCC 5.8 Solaris 11 i386 ","2023-09-18"
"SCC 5.8 Solaris 11 SPARC ","2023-09-18"
"SCC 5.8 Ubuntu 16 AMD64 ","2023-09-18"
"SCC 5.8 Ubuntu 16 i686 ","2023-09-18"
"SCC 5.8 Ubuntu 18/20 AMD64 ","2023-09-18"
"SCC 5.8 Ubuntu 20/Raspios-bulleye Aarch64 ","2023-09-18"
"SCC 5.8 Ubuntu 22 AMD64 ","2023-09-18"
"SCC 5.8 UNIX Remote Scanning Plugin ","2023-09-18"
"SCC 5.8 Windows ","2023-09-18"
"SDN Controller SRG - Ver 1, Rel 2 ","2020-04-23"
"SEL-2740S STIG Ver 1 Rel 1 ","2019-06-06"
"SLES V11 for System z STIG - Ver 1, Rel 12 ","2019-03-09"
"Software-Defined Networking (SDN) Using Network Virtualization (NV) STIG Release Memo ","2019-03-11"
"Software-Defined Networking (SDN) Using Network Virtualization (NV) STIG Ver 1 ","2018-12-01"
"Solaris 11 SPARC STIG - Ver 2, Rel 8 ","2023-07-20"
"Solaris 11 SPARC STIG Benchmark - Ver 2, Rel 4 ","2023-04-24"
"Solaris 11 X86 STIG - Ver 2, Rel 8 ","2023-07-20"
"Solaris 11 X86 STIG Benchmark - Ver 2, Rel 4 ","2023-04-24"
"SPEC Innovations Innoslate 4.x STIG - Ver 1, Rel 1 ","2022-09-28"
"Splunk Enterprise 7.x for Windows STIG - Ver 2, Rel 4 ","2023-07-20"
"Splunk Enterprise 8.x for Linux STIG - Ver 1, Rel 5 ","2023-10-23"
"STIG Sorted by STIG ID ","2015-03-30"
"STIG Sorted by Vulnerability ID ","2015-03-30"
"STIG Viewer 2.17 ","2022-09-21"
"STIG Viewer 2.17 Hashes ","2022-09-21"
"STIG Viewer 2.17-Linux ","2022-09-21"
"STIG Viewer 2.17-Win64 ","2022-09-21"
"STIG Viewer 2.17-Win64 msi ","2022-09-21"
"STIG Viewer 3.1 Hashes ","2023-08-08"
"STIG Viewer 3.1-Linux ","2023-08-08"
"STIG Viewer 3.1-Win64 ","2023-08-08"
"STIG Viewer 3.1-Win64 msi ","2023-08-08"
"STIG Viewer 3.x User Guide - Ver 1, Rel 1 ","2023-08-08"
"STIG Viewer User Guide (Sep 2022) ","2022-09-21"
"Storage Area Network STIG - Ver 2, Rel 4 ","2019-07-26"
"Sunset - Adobe Acrobat Pro DC Classic Track STIG - Ver 2, Rel 1 ","2020-10-26"
"Sunset - Adobe ColdFusion 11 STIG - Ver 2, Rel 1 ","2021-07-26"
"Sunset - AirWatch MDM STIG - Ver 1, Rel 3 ","2018-11-30"
"Sunset - Apple iOS/iPadOS 14 STIG - Ver 1, Rel 3 ","2022-10-21"
"Sunset - Apple macOS 11 (Big Sur) STIG - Ver 1, Rel 8 ","2023-10-23"
"Sunset - Apple OS X 10.15 STIG - Ver 1, Rel 10 ","2023-01-13"
"Sunset - Canonical Ubuntu 16.04 LTS STIG - Ver 2, Rel 3 ","2021-04-27"
"Sunset - Canonical Ubuntu 16.04 LTS STIG Benchmark - Ver 2, Rel 3 ","2021-04-27"
"Sunset - CSfC Campus WLAN Policy STIG - Ver 1, Rel 3 ","2018-12-01"
"Sunset - DNS Policy STIG - Ver 4, Rel 1.22 ","2018-12-01"
"Sunset - Email Services Policy STIG - Ver 2, Rel 6 ","2018-12-01"
"Sunset - Enclave STIG - Ver 4, Rel 5 ","2018-12-01"
"Sunset - Enclave Test and Development STIG - Ver 1, Rel 6 ","2022-04-19"
"Sunset - Esri ArcGIS for Server 10.3 STIG - Ver 2, Rel 1 ","2023-07-20"
"Sunset - Google Search Appliance STIG ","2018-12-01"
"Sunset - HP-UX 11.31 STIG - Ver 1, Rel 19 ","2019-03-09"
"Sunset - HP-UX 11.31 STIG Benchmark - Ver 1, Rel 17 ","2019-05-10"
"Sunset - JIE Core Data Center (CDC) STIG Ver 2 Release Memo ","2018-11-30"
"Sunset - JIE Enterprise Operations Center JIE Management Network (EOC/JMN) STIG Release Memo ","2018-11-30"
"Sunset - JIE Enterprise Remote Access STIG, Ver 1 Release Memo ","2018-11-30"
"Sunset - JIE Installation Campus Area Network STIG Release Memo ","2018-11-30"
"Sunset - JIE Installation Processing Node (IPN) STIG Ver 2 Release Memo ","2018-11-30"
"Sunset - JIE Network Device STIGs Release Memo ","2018-11-30"
"Sunset - JIE Wide Area Network STIG Release Memo? ","2018-11-30"
"Sunset - MDM Server Policy STIG - Ver 2, Rel 5 ","2019-07-26"
"Sunset - Microsoft IIS 8.5 STIG ","2023-10-23"
"Sunset - Microsoft Windows 10 Mobile STIG - Ver 1, Rel 4 ","2020-04-23"
"Sunset - Microsoft Windows 2012 and 2012 R2 DC STIG - Ver 3, Rel 7 ","2023-10-30"
"Sunset - Microsoft Windows 2012 and 2012 R2 MS STIG - Ver 3, Rel 7 ","2023-10-30"
"Sunset - Microsoft Windows Server 2012 and 2012 R2 DC STIG Benchmark - Ver 3, Rel 6 ","2023-10-30"
"Sunset - Microsoft Windows Server 2012 and 2012 R2 MS STIG Benchmark - Ver 3, Rel 6 ","2023-10-30"
"Sunset - Mobile Device Connections ","2019-03-11"
"Sunset - Mobile Device Policy STIG - Ver 2, Rel 6 ","2019-07-26"
"Sunset - Oracle Database 11g STIG - Version 9, Release 1 ","2021-10-22"
"Sunset - Oracle Linux 6 STIG - Ver 2, Rel 7 ","2023-01-13"
"Sunset - Red Hat Enterprise Linux 6 STIG - Ver 2, Rel 2 ","2021-01-22"
"Sunset - Red Hat Enterprise Linux 6 STIG Benchmark - Ver 2, Rel 2 ","2021-01-22"
"Sunset - Samsung Android OS 10 with Knox 3.x STIG - Ver 2, Rel 1 ","2023-07-20"
"Sunset - Solaris 10 SPARC STIG - Ver 2, Rel 4 ","2023-01-13"
"Sunset - Solaris 10 SPARC STIG Benchmark - Ver 2, Rel 4 ","2023-01-13"
"Sunset - Solaris 10 x86 STIG - Ver 2, Rel 4 ","2023-01-13"
"Sunset - Solaris 10 X86 STIG Benchmark - Ver 2, Rel 4 ","2023-01-13"
"Sunset - Video Services Policy STIG - Ver 1, Rel 12 ","2022-07-27"
"Sunset - VMware AirWatch v9.x MDM STIG - Ver 1, Rel 2 ","2020-04-23"
"Sunset - VMware vRealize Automation 7.x STIG ","2023-10-23"
"Sunset - VMware vRealize Operations Manager Cassandra STIG - Ver 1, Rel 2 ","2023-10-23"
"Sunset - VMware vRealize Ops 6.x STIG ","2023-10-23"
"Sunset - VMware vSphere 6.5 STIG ","2023-07-20"
"Sunset - VMware vSphere 6.7 STIG ","2023-07-20"
"Sunset - Voice Video Endpoint SRG - Ver 2, Rel 2 ","2022-07-27"
"Sunset - Voice Video Services Policy Security STIG - Ver 3, Rel 18 ","2022-07-27"
"Sunset - Voice Video Session Management SRG - Ver 2, Rel 2 ","2022-07-27"
"Sunset - Voice/Video over Internet Protocol (VVoIP) STIG - Ver 3, Rel 15 ","2022-07-27"
"Sunset - Zebra Android 10 STIG ","2022-10-21"
"Sunset-CMD Policy STIG - Ver 2, Rel 5 ","2018-12-01"
"Sunset-McAfee VSEL 1.9/2.0 STIG ","2020-04-23"
"SUSE Linux Enterprise Server (SLES) v11 for System z STIG - Release Memo ","2018-11-30"
"SUSE Linux Enterprise Server 12 STIG - Ver 2, Rel 12 ","2023-10-23"
"SUSE Linux Enterprise Server 12 STIG Benchmark - Ver 2, Rel 10 ","2023-07-20"
"SUSE Linux Enterprise Server 15 for Ansible - Ver 1, Rel 11 ","2023-10-23"
"SUSE Linux Enterprise Server 15 STIG - Ver 1, Rel 11 ","2023-10-23"
"SUSE Linux Enterprise Server 15 STIG Benchmark - Ver 1, Rel 5 ","2023-10-23"
"Symantec ProxySG STIG ","2020-04-23"
"Tanium 7.0 STIG Ver 1 Release Memo?? ","2019-03-11"
"Tanium 7.0 STIG Ver 1, Rel 2 ","2018-12-01"
"Tanium 7.3 STIG - Ver 2, Rel 2 ","2022-01-24"
"Tanium 7.x on TanOS STIG - Ver 1, Rel 1 ","2022-11-29"
"Tanium 7.x STIG - Ver 1, Rel 2 ","2022-08-25"
"Tomcat AS 6.x STIG","2019-05-15"
"Tomcat AS 7.x STIG","2019-05-15"
"Tomcat AS 8.x STIG","2019-05-15"
"TOSS 4 STIG Benchmark - Ver 1, Rel 2 ","2023-10-23"
"Traditional Security Checklist - Ver 2, Rel 4 ","2023-07-20"
"Trend Micro Deep Security 9.x STIG Ver 1 Release Memo ","2019-03-11"
"Trend Micro Deep Security 9.x STIG Ver 1, Rel 1 ","2018-12-01"
"Trend Micro TippingPoint STIG ","2022-07-27"
"Tri-Lab Operating System Stack (TOSS) 4 STIG - Ver 1, Rel 1 ","2022-12-29"
"Unified Communications Draft SRG - Ver 1, Rel 0.1 ","2023-10-27"
"Unified Communications Draft SRG Comment Matrix ","2023-10-27"
"Unified Endpoint Manager (UEM) SRG ","2023-04-24"
"Update to DoD CIO Memo on Commercial Public Key Infrastructure Certificates on Public-Facing DoD Websites ","2023-03-10"
"Vendor STIG Acronym List ","2020-01-16"
"Vendor STIG Intent Form ","2019-10-30"
"Virtual Machine Manager SRG - Ver 1, Rel 3 ","2023-10-23"
"Virtual Private Network SRG - Ver 2, Rel 5 ","2023-05-17"
"VMware Horizon 7.13 STIG - Ver 1, Rel 1 ","2021-08-17"
"VMware NSX Distributed Logical Router STIG, Ver 1 ","2018-12-01"
"VMware NSX Manager STIG, Ver 1 ","2018-12-01"
"VMware NSX STIG Overview, Ver 1 ","2018-12-01"
"VMware NSX STIG, Ver 1 Release Memo ","2019-03-11"
"VMware NSX-T Data Center STIG ","2023-07-20"
"VMware vSphere 6.5 STIG for Ansible - Ver 1, Rel 2 ","2020-06-22"
"VMware vSphere 7.0 STIG ","2023-07-24"
"VMware vSphere 8.0 STIG ","2023-11-03"
"VMware Workspace ONE UEM STIG- Ver 2, Rel 1 ","2021-12-06"
"Web Server SRG - Ver 3, Rel 2 ","2023-10-23"
"Windows Server 2022 STIG with Ansible - Ver 1, Rel 1 ","2023-02-08"
"z/OS ACF2 Products - Ver 6, Rel 59 ","2023-10-23"
"z/OS RACF Products - Ver 6, Rel 59 ","2023-10-23"
"z/OS SRR Scripts - Ver 6, Rel 59 ","2023-10-23"
"z/OS TSS Products - Ver 6, Rel 59 ","2023-10-23"
"Zebra Android 11 COBO STIG - Ver 1, Rel 3 ","2023-10-23"
"zOS STIG Memo - Ver 6, Rel 1.1 ","2018-11-30"
"?DoD CIO Memo - Migration to Microsoft Windows 10 Secure Host Baseline ","2018-11-30"
"?Riverbed SteelHead CX v8 STIG Ver 1 Release Memo ","2019-03-11"
"?Sunset - Solaris 9 SPARC STIG Benchmark - Ver 1, Rel 12 ","2018-12-01"
